id,screen_name,text_raw,like_counts,total_number,created_at
5040753760013675,_a_a_a_a__a,恭喜Prada喜提贾玲导演。,9037,17,Sun Jun 02 09:46:52 +0800 2024
5040776035699070,黄叶汉宫秦罗敷,现在她的定位是什么呢？喜剧演员？不像了。花瓶？算不上。顶级导演？够不着。,1252,457,Sun Jun 02 11:15:23 +0800 2024
5040754201986023,大药儿,一下子找对人了，品牌的力量感有了,4743,34,Sun Jun 02 09:48:37 +0800 2024
5040754819074356,元气河伯,找对人了！！肯定不会翻车[笑cry][笑cry],4137,138,Sun Jun 02 09:51:04 +0800 2024
5040764627193358,点化人间,你看评论区。不管谁成功都有酸黄瓜！有的人就是见不到别人的好！,531,17,Sun Jun 02 10:30:03 +0800 2024
5040759668212333,卟吖,虽然但是，也没有很美,1238,281,Sun Jun 02 10:10:20 +0800 2024
5040770525957683,摆烂小咸鱼_00,突然觉得品牌质感上来了，和那种脸好看的假面明星尤其是爱豆完全不一样的感觉，现在给我是感觉是这个牌子是成功有品味的人士穿的，以前给我的感觉是这个牌子是有钱人穿的,1158,17,Sun Jun 02 10:53:29 +0800 2024
5040758731837053,-阿橙橙橙橙,评论区有的人别太酸啦～让我们恭喜贾玲导演[彩虹屁][彩虹屁][彩虹屁],2547,21,Sun Jun 02 10:06:37 +0800 2024
5040762972279370,小奥再也不熬夜ing,贾玲就是拍了两部电影票房88亿成了中国女导演票房第一啊[憧憬]李焕英还被被索尼买了版权要在好莱坞上映，怎么就搞笑了，我看在这里酸言酸语的你最搞笑,218,2,Sun Jun 02 10:23:28 +0800 2024
5040770912616569,Emma蘑古力,热辣滚烫后对她没啥好感了[黑线],206,32,Sun Jun 02 10:55:00 +0800 2024
5040776562082096,哈利鹿棣,穿prada的女王！,288,3,Sun Jun 02 11:17:27 +0800 2024
5040761206999290,哈里harrislee,花了多少钱买的热搜？,73,9,Sun Jun 02 10:16:27 +0800 2024
5040769523778422,LittleMiss2021,哪里美了。就尬吹呗,71,4,Sun Jun 02 10:49:30 +0800 2024
5040839014746899,你茜_,不是有些人真的不懂吗 她现在真的很有质感啊,11,0,Sun Jun 02 15:25:38 +0800 2024
5040759503591783,国士无双306,不尴尬吗，天天营销不完了，谁想看他啊,51,3,Sun Jun 02 10:09:41 +0800 2024
5040753749526612,Tz816____,侧面不好看,82,25,Sun Jun 02 09:46:49 +0800 2024
5040770740912735,用户m841z0y6pf,能不能别买热搜了 减个肥成天刷,58,1,Sun Jun 02 10:54:20 +0800 2024
5040799874289246,lloud-李霞奴,她再也不是综艺上胖胖的任人打趣的贾玲了，跳出观众给她定义的舒适圈，变得“危险”。不是红毯借不到高定的谐星，而是代言时尚品牌的女明星！某些女性觉得她飞得太高，自己比不上了。某些男的觉得这种女人“不好掌控”，特别急。我想说，贾玲，往前走，别回头，任何人都拖不住你，天高海阔，大有作为,79,5,Sun Jun 02 12:50:06 +0800 2024
5040762574081287,日常杂记录,个人觉得热浪滚烫这电影真的很一般，没啥看点啊，和上一部比起来相差还是蛮大的，上一部好看。最大的看点或者说噱头就是贾玲自己本身减掉一半的体重。,50,5,Sun Jun 02 10:21:53 +0800 2024
5040803522549463,陆梨梨LL,Prada 终于找了一位安全的代言人[doge],132,3,Sun Jun 02 13:04:36 +0800 2024
5040799698130952,要积极不要emo,还不如胖的时候讨喜，减个肥一天天热搜就没停过，最恶心的营销，极度败好感,8,0,Sun Jun 02 12:49:24 +0800 2024
5040766877698343,Lilllllliiliili,不懂就问，美在哪里了,30,0,Sun Jun 02 10:38:59 +0800 2024
5040832027822282,_完美小孩,不知道为啥，感觉虽然在笑，但是也不是很开心,17,4,Sun Jun 02 14:57:52 +0800 2024
5040780491624293,栀子花·散风如画,"这个角度看好像海里的有一种鱼，我突然有点想不起来叫啥鱼了[允悲][允悲][允悲] 单纯观点，不喜勿喷,喷就你有理",2,0,Sun Jun 02 11:33:05 +0800 2024
5040762530042358,当我没说没问没发言,美在哪？[doge],17,1,Sun Jun 02 10:21:43 +0800 2024
5040829686878352,爱绘本的橙妈,喜欢贾玲，飒爽英姿的美，恭喜贾玲[鲜花][鲜花][鲜花],17,0,Sun Jun 02 14:48:34 +0800 2024
5040807860244375,芙蓉诸葛瑾,越来越讨厌贾玲,1,0,Sun Jun 02 13:21:50 +0800 2024
5040773781524583,超级好玩的大哲哥哥吖,Prada的崴货都要跌价了！//@盖因不是盖:中国第一女导演如果这样，那赵薇和徐静蕾都能封神了，那许鞍华和王萍是不是得进太庙了。才拍了两部小品就成了中国第一女导演了，搞笑呢,6,0,Sun Jun 02 11:06:25 +0800 2024
5040763925170068,财吴羡,恭喜恭喜，巅峰相遇，贾玲值得[心][心],1027,0,Sun Jun 02 10:27:15 +0800 2024
5040756194019503,萌特子,不是这把玲姐拍的也太丑了吧，为啥非要侧脸正脸不好吗,7,0,Sun Jun 02 09:56:32 +0800 2024
5040758545712155,懒猪24825,这都塌了多少个了，终于是选了个稳妥的[允悲],129,0,Sun Jun 02 10:05:53 +0800 2024
5040849895819174,上帝是个女孩-WEIXI,给Prada抬咖了，中国人都爱贾玲，这波稳赢[打call][打call],1,0,Sun Jun 02 16:08:52 +0800 2024
5040763983102851,小宁的零食俱乐部,恭喜贾玲姐，恭喜prada，太棒啦[送花花][送花花][送花花],4,0,Sun Jun 02 10:27:29 +0800 2024
5040820841088641,Crystal_Elf,天天买热搜好烦,10,0,Sun Jun 02 14:13:25 +0800 2024
5040806504956340,小曲奇饼OuO,不知道为什么感觉她没有以前那么快乐了，就算笑着也没有之前那种真实感了,2,0,Sun Jun 02 13:16:26 +0800 2024
5040792487330965,吃豆攒屁,土掉渣,10,1,Sun Jun 02 12:20:45 +0800 2024
5040847957003955,牛奶越喝越矮,卧槽比找一些明星有质感多了,1,0,Sun Jun 02 16:01:10 +0800 2024
5040764392573861,打卡机管理员,普通中年妇女,13,0,Sun Jun 02 10:29:07 +0800 2024
5040787438438272,鸿不鸣a,知道为啥中国观众品味变差吗？因为你们干影视的常年给观众喂狗饭，来个做人饭的就食神了,5,0,Sun Jun 02 12:00:40 +0800 2024
5040769186398627,缠论道悟,好神奇啊，贾玲的案例是在宣扬女性靠身材才能火吗？难道不是靠演技要能力吗？是我肤浅了吗[允悲],9,0,Sun Jun 02 10:48:09 +0800 2024
5040819263768208,花牌坊何二,拉低了品牌调性,7,0,Sun Jun 02 14:07:09 +0800 2024
5040816482944901,何叶叶叶叶叶子,照片感觉乱七八糟呢,4,0,Sun Jun 02 13:56:06 +0800 2024
5040765971204895,后知后觉的写字,为什么人红了就一定要这么多人来骂呢，承认别人优秀这么难？你好李焕英我和家人朋友都确确实实觉得很好看，有泪有笑立意也好，热辣滚烫还没看，但是这都不妨碍她确实用心做了好电影，获得一些成绩是应当的呀,25,1,Sun Jun 02 10:35:23 +0800 2024
5040770957972825,葵葵家素浅淡墨,受热辣滚烫影响，减脂了，受郁可唯健身影响，坚持住了，从134到114的逆袭，和贾玲、郁可唯，一起努力做更好的自己，加油。[心],25,3,Sun Jun 02 10:55:12 +0800 2024
5040755139675848,默默大夜猫,恭喜Prada，找到贾玲[心]贾玲值得,254,0,Sun Jun 02 09:52:21 +0800 2024
5040756496532261,nur-yaya,[偷笑]笑死，那些人抢来抢去的，结果被导演弯道超车,36,0,Sun Jun 02 09:57:43 +0800 2024
5040764280638873,-SAWAKE-,恭喜贾导！！！[送花花][送花花][送花花],957,0,Sun Jun 02 10:28:40 +0800 2024
5040780909744951,SH_oldmoney,2月份她穿Prada上芭莎和各种公开场合出镜的时候，我就预言她可能要代言了[doge]Prada以往代言的眼光虽然有点毒，但是贾玲和它家的风格是真绝配,0,0,Sun Jun 02 11:34:45 +0800 2024
5040772837016441,老中醫專治不正經,呵呵，果不其然 http://t.cn/A6H8A8KU,0,0,Sun Jun 02 11:02:40 +0800 2024
5040822513044084,财神爷心尖上的富婆小心肝,怼的太棒了！男演员转型导演没人这么大的恶意啊，某些人就是爱男，骨子里讨厌女人//@旧世俗爱的新文明:你现在定位是什么呢？打工族，赚不着钱，被人割的韭菜？也没啥给人割的，花瓶？也不好看//@黄叶汉宫秦罗敷:现在她的定位是什么呢？喜剧演员？不像了。花瓶？算不上。顶级导演？够不着。,0,0,Sun Jun 02 14:20:04 +0800 2024
5040815463730730,鱼得水猴占山,好陌生的感觉,54,2,Sun Jun 02 13:52:03 +0800 2024
5040762431996493,YGNH8800,Prada太有眼光了，选最优秀的贾玲为代言[good][good][good][good][good][good][good][good][good][good][good][good][good][good][good],3,0,Sun Jun 02 10:21:18 +0800 2024
5040777705295305,才高七斗wz,不是这件事有点玄幻 我现在都感觉是自己起猛了还在梦里[泪]时隔四个月我终于见到贾玲了[抱一抱],0,0,Sun Jun 02 11:22:01 +0800 2024
5040812325080050,平行空间消失的小熊,可是我觉得她好厉害，为什么最近好多黑她的，不明白是嫉妒？,0,0,Sun Jun 02 13:39:35 +0800 2024
5040752997960804,爱你的180度的爱,玲姐恭喜恭喜 工作顺利,85,0,Sun Jun 02 09:43:50 +0800 2024
5040851122392021,树袋熊爬爬,有一说一，官图搭配的衣服还不如我们玲儿私服好看[二哈],0,0,Sun Jun 02 16:13:45 +0800 2024
5040822896038325,赵璞,大家觉得够契合不？#贾玲Prada#,0,0,Sun Jun 02 14:21:35 +0800 2024
5040816118564812,财知道ynk,瘦了穿啥都好看！曾经婆姨的身材像模特一样，什么衣服都能上身，现在每天在拼命燃脂！[允悲],0,0,Sun Jun 02 13:54:39 +0800 2024
5040794148275855,万万没想到是个纯爱战士,China's hottest comedian[舔屏]中国最火也最性感的喜剧人[赞],0,0,Sun Jun 02 12:27:21 +0800 2024
5040770421884449,我用微博第五年,你自己看看，好看吗,2,0,Sun Jun 02 10:53:04 +0800 2024
5040803073756653,象牙山第一ACE,恭喜中国女导演、演员、喜剧演员贾玲[鼓掌][鼓掌][鼓掌],0,0,Sun Jun 02 13:02:49 +0800 2024
5040790918660594,碗兜射手,哇 恭喜姐姐[爱你][爱你][哇],0,0,Sun Jun 02 12:14:30 +0800 2024
5040837699045672,随便起个什么名字吧1234,这要是吴京代言，肯定没那么多人酸。。。[吃瓜][doge],0,0,Sun Jun 02 15:20:24 +0800 2024
5040817777674129,wontbe55,#贾玲prada#恭喜Prada，喜提贾玲！！[哇]玲姐穿prada好美！！ ​,0,0,Sun Jun 02 14:01:15 +0800 2024
5040846476412496,欧布荻摩,贾玲可以的,1,0,Sun Jun 02 15:55:17 +0800 2024
5040772170908110,存绪,恭喜贾玲[送花花],0,0,Sun Jun 02 11:00:00 +0800 2024
5040794743865700,财吴羡,恭喜恭喜，顶峰相遇[心][心][心]//@财吴羡:恭喜恭喜，巅峰相遇，贾玲值得[心][心],0,0,Sun Jun 02 12:29:42 +0800 2024
5040830106307083,露奈雅拉333,这瘦了也太像ella了,0,0,Sun Jun 02 14:50:14 +0800 2024
5040845625233100,求求你让我改一次名字吧,喜欢贾玲 也没资格讨厌普拉达 但为什么只有瘦身成功的贾玲才会被选择呢 或许这个想法很证明自己就是条咸鱼吧,0,0,Sun Jun 02 15:51:54 +0800 2024
5040795748927681,少喝点黑咖啡吧,随便别人怎么说 反正成功的是她 其他人不过阴暗的老鼠拿着键盘抨击罢了[可怜][可怜],2,0,Sun Jun 02 12:33:43 +0800 2024
5040762703842622,王明利博士,#贾玲Prada# 先恭喜了！但是该说不说，胖瘦与否都无法否定一个姑娘的能力和努力，不能再细聊了，不然就有制造容貌焦虑的嫌疑。[思考],1,0,Sun Jun 02 10:22:24 +0800 2024
5040838144951853,爱斯基摩朵_,很酷 很sa 她值得[给你小心心],0,0,Sun Jun 02 15:22:11 +0800 2024
5040756030441577,等待Delete,哇～ 贾导好厉害，恭喜贾导[打call][打call],71,0,Sun Jun 02 09:55:53 +0800 2024
5040775985630348,允在糖糖搬运工,哇，“她”能量 正当时 恭喜恭喜[爱你][爱你][爱你][打call],0,0,Sun Jun 02 11:15:11 +0800 2024
5040793150297181,keikako_,风格真的蛮合适哎，完全是穿Prada的女王,1,0,Sun Jun 02 12:23:23 +0800 2024
5040852877708947,尤散散Usan,my god……恭喜Prada[打call],0,0,Sun Jun 02 16:20:43 +0800 2024
5040793934890123,汽水加糖_,哇塞  很难想象 之前还是胖胖的 穿什么衣服都好夸张的。现在居然能代言时尚服装了。太厉害了。真的厉害。好佩服。[打call],1,0,Sun Jun 02 12:26:30 +0800 2024
5040853089521033,小宇XIAOYU__,图片评论 http://t.cn/A6H80HPD,0,0,Sun Jun 02 16:21:34 +0800 2024
5040829140044474,醉眠风林林林,太有生命力了,0,0,Sun Jun 02 14:46:24 +0800 2024
5040769029376609,姜母鸭的三杯鸡爱芋头,品牌不会说谎 因为这代表者商业价值的肯定,3,0,Sun Jun 02 10:47:32 +0800 2024
5040778619650886,x226098,Prada之前不是辱华都说抵制么，现在怎么都吹起来了[黑线],3,0,Sun Jun 02 11:25:39 +0800 2024
5040775406551260,Leon士多啤梨,独家新闻：中国最佳转型导演，成为Prada 品牌挚友。[喵喵][喵喵],0,0,Sun Jun 02 11:12:52 +0800 2024
5040753682942496,是小洪同学呀,她值得,12,0,Sun Jun 02 09:46:33 +0800 2024
5040772850387715,姬流觞,现在的贾玲真的很有大女主的味道了[鼓掌]想起她在春晚上说相声的样子，再看看现在，真的是一步一脚印走出来的[努力]姐值得！,0,0,Sun Jun 02 11:02:43 +0800 2024
5040798110581121,哇哇哇彩虹糖,哈哈哈哈评论区越酸越诋毁，贾玲一定会越好的[哇][哇][哇],1,0,Sun Jun 02 12:43:05 +0800 2024
5040772227534819,赶快桃之夭夭,恭喜恭喜[赢牛奶][赢牛奶][赢牛奶],0,0,Sun Jun 02 11:00:15 +0800 2024
5040774500582905,巷猫艾莉凯特,@橙子的价格是九磅十便士,0,0,Sun Jun 02 11:09:17 +0800 2024
5040779955279272,盼盼盼盼目分子,怎么就穿出一身正气的感觉，感觉血脉觉醒了,0,0,Sun Jun 02 11:30:57 +0800 2024
5040800410894622,软装设计JennyYang,恭喜贾玲  和Prada好搭  最喜欢Prada杀手包,0,0,Sun Jun 02 12:52:13 +0800 2024
5040772498589818,胖丁果果,贾导越走越远[努力][努力][努力],0,0,Sun Jun 02 11:01:19 +0800 2024
5040814705085607,我的爱只有三分钟,玲姐太牛了！[打call][打call][打call],0,0,Sun Jun 02 13:49:02 +0800 2024
5040766155494256,Maggie迈,可还是很想念王牌家族那个胖乎乎的可爱玲[心][心][憧憬],0,0,Sun Jun 02 10:36:07 +0800 2024
5040775434076161,大大大桃子biubiu,这太有魅力了,3,0,Sun Jun 02 11:12:58 +0800 2024
5040826621367818,小蘑菇山,嗷！恭喜[送花花][送花花][送花花],0,0,Sun Jun 02 14:36:23 +0800 2024
5040759893394508,CaiCai_0629,普拉达终于找到了个能代表女性力量的代言人,7,0,Sun Jun 02 10:11:14 +0800 2024
5040770595687450,扒拉扒拉小魔仙1986,恭喜玲姐，有一种岁月沉淀的美。,0,0,Sun Jun 02 10:53:46 +0800 2024
5040846701594021,小胖爱吃冰西瓜,胖才会火，毕竟是喜剧演员，瘦起来，丝毫提不起兴趣！,0,0,Sun Jun 02 15:56:11 +0800 2024
5040758074115245,顺顺利利zzzzz_,人家贾玲就是有观众缘呀，就是深得大众喜爱呀，可遇不可求，有些人这么不服，要不你多去给你喜欢的导演贡献点票房吧[开学季][开学季][开学季][开学季][开学季],14,0,Sun Jun 02 10:04:00 +0800 2024
5040776722252822,地铁以东,大街上随便拎一个人拍都比这好看,2,1,Sun Jun 02 11:18:06 +0800 2024
5040755265766178,薇薇不是微微吖,恭喜玲姐,35,0,Sun Jun 02 09:52:51 +0800 2024
5040776535083622,Zz早安cc,太强了吧姐[抱一抱][抱一抱][抱一抱],30,0,Sun Jun 02 11:17:22 +0800 2024
5040797582103514,老舅泡酒天下我有,姐姐很美[爱你],22,0,Sun Jun 02 12:41:00 +0800 2024
5040755842745602,日落下的小樱花,恭喜玲姐,17,0,Sun Jun 02 09:55:08 +0800 2024
5040756702577331,在场证明1,恭喜贾玲[舔屏][舔屏][舔屏][舔屏],13,0,Sun Jun 02 09:58:33 +0800 2024
5040756673217816,我家小孩最棒,恭喜玲姐,12,0,Sun Jun 02 09:58:26 +0800 2024
5040758467597701,光_亮的太刺眼,恭喜贾导,11,0,Sun Jun 02 10:05:34 +0800 2024
5040752909879779,爱你的180度的爱,恭喜恭喜,13,0,Sun Jun 02 09:43:29 +0800 2024
5040775528191238,半日花科岩蔷薇,做自己的大女主！玲姐，A爆了！,9,0,Sun Jun 02 11:13:22 +0800 2024
5040769002116709,磕学家小理,现在是兼具实力、人品、美貌、才华于一体的玲姐了,6,0,Sun Jun 02 10:47:26 +0800 2024
5040755306137422,辛未在古,恭喜恭喜恭喜恭喜！！,6,0,Sun Jun 02 09:53:00 +0800 2024
5040759369368364,毛毛不是猫cat_,玲儿笑起来还是一样可爱，恭喜玲儿[收到],9,0,Sun Jun 02 10:09:08 +0800 2024
5040754940445296,小田田圈_嘉竹桃桃,哇塞恭喜贾导演！为你点赞👍,10,0,Sun Jun 02 09:51:33 +0800 2024
5040767615372171,散装小冰糖,恭喜玲姐,2,0,Sun Jun 02 10:41:55 +0800 2024
5040799370446921,内娱花神的fans,姐姐好美[心],9,0,Sun Jun 02 12:48:06 +0800 2024
5040758218555879,奶茶制造商,恭喜Prada,2,0,Sun Jun 02 10:04:34 +0800 2024
5040775739740286,营养师_梅梅老师,一旦过了30岁（甚至更早），人体的基础代谢就会变慢。所以，贾玲在专业认人士下减下来，真的太棒了。,2,0,Sun Jun 02 11:14:12 +0800 2024
5040830322578444,青染日常,好看,0,0,Sun Jun 02 14:51:06 +0800 2024
5040768238486656,Osborn萧逸女友,[送花花]真是我们中国好男儿捏，拍了做下酒菜刚刚好//@盖因不是盖:中国第一女导演如果这样，那赵薇和徐静蕾都能封神了，那许鞍华和王萍是不是得进太庙了。才拍了两部小品就成了中国第一女导演了，搞笑呢,1,0,Sun Jun 02 10:44:23 +0800 2024
5040765309553799,Kalecope,恭喜[爱慕],0,0,Sun Jun 02 10:32:45 +0800 2024
5040802063712865,Echolohh,[good],0,0,Sun Jun 02 12:58:47 +0800 2024
5040797856829934,悠哈豆儿,真的好搭，我觉得她就是穿Prada 的女王！,1,0,Sun Jun 02 12:42:05 +0800 2024
5040769913851074,冻柠茶可乐,姐真的很牛，做什么都那么努力又成功,1,0,Sun Jun 02 10:51:03 +0800 2024
5040837690130709,西子卡哒,买买买[笑cry][笑cry][笑cry],0,0,Sun Jun 02 15:20:21 +0800 2024
5040830388111668,JUSTINALIN_Alin_O_O,穿Prada的女王,0,0,Sun Jun 02 14:51:21 +0800 2024
5040812133450529,黄角树,果然瘦下来美起来…广告形象就建立起来了。,0,0,Sun Jun 02 13:38:48 +0800 2024
5040810767418892,Nazi丘,莫名有点杨紫琼那味,0,0,Sun Jun 02 13:33:23 +0800 2024
5040805081253627,ANGEL臭肥喵_,恭喜姐姐 恭喜普拉达[送花花][送花花][送花花],1,0,Sun Jun 02 13:10:48 +0800 2024
5040810087940656,奈雪绵豆Nomal,穿Prada的女王[给你小心心],0,0,Sun Jun 02 13:30:41 +0800 2024
5040769043792416,WarmthAdam,穿普拉达的玲子[哇],0,0,Sun Jun 02 10:47:36 +0800 2024
5040768869730618,基努小熊,任何一个女性取得代言我都会祝福,0,0,Sun Jun 02 10:46:54 +0800 2024
5040816364194169,-别来碰瓷-厌蠢版,好棒好有野心[苦涩],0,0,Sun Jun 02 13:55:38 +0800 2024
5040778934225304,可愛小豬腳,恭喜Prada喜提贾玲导演[打call][打call][打call],0,0,Sun Jun 02 11:26:54 +0800 2024
5040849589637357,yaoyaodo,呀呼啦呼噜啦噜哩啦，是帅哥🤵啊[哇][相爱]呼啦啦呼啦啦[鲜花][鲜花][鲜花][鲜花][鲜花],0,0,Sun Jun 02 16:07:39 +0800 2024
5040819297846613,柯基屁屁有颗痣,为啥拍出来的照片看起来这么苍老,1,0,Sun Jun 02 14:07:17 +0800 2024
5040770874344575,非二月-追星版,恭喜贾玲导演[泪],0,0,Sun Jun 02 10:54:52 +0800 2024
5040822009463996,五岁就恋爱了,哇哦[并不简单]有点好看有点帅[666],0,0,Sun Jun 02 14:18:04 +0800 2024
5040819715182701,B1AK3,像菜市场卖菜的,4,0,Sun Jun 02 14:08:57 +0800 2024
5040841609448460,无敌小鸭梨,@Lonly的三干爷 [允悲]牛逼,0,0,Sun Jun 02 15:35:57 +0800 2024
5040844908793061,OversizeRise,很有力量感 瘦下来之后有种洒脱随意的感觉,0,0,Sun Jun 02 15:49:03 +0800 2024
5040833877247764,莱西w,感觉评论区要酸死了[允悲],0,0,Sun Jun 02 15:05:13 +0800 2024
5040794868122695,摘天星比特币,没有胖的好看,0,0,Sun Jun 02 12:30:13 +0800 2024
5040774695886030,少女江江,@Gi-H-gi 真励志,0,0,Sun Jun 02 11:10:03 +0800 2024
5040798508779299,蠢货,我怎么觉得接的掉咖,0,0,Sun Jun 02 12:44:41 +0800 2024
5040832636519759,素小丸子啊_,我玲姐真🐮,0,0,Sun Jun 02 15:00:17 +0800 2024
5040778995305888,我还好没关系,穿Prada的女王,0,0,Sun Jun 02 11:27:08 +0800 2024
5040848897835212,Ogoni迅,好美啊啊啊啊啊,0,0,Sun Jun 02 16:04:53 +0800 2024
5040794479889994,乘渡十五载,评论区各位，你8块就别说人家80亿了,2,0,Sun Jun 02 12:28:40 +0800 2024
5040806641799874,葡萄是唯一的水果喔,穿Prada的女王！,0,0,Sun Jun 02 13:17:00 +0800 2024
5040829842326344,秦义,#贾玲Prada#Prada宣布导演、演员贾玲正式成为全新品牌代言人。从演员到导演，贾玲自始至终都走在当代创作的前沿。贾玲凭借稳定高品质的创作输出，成为中国国民度最高的演员之一。她常年活跃于影视作品及舞台，并7次登上春晚舞台。,0,0,Sun Jun 02 14:49:10 +0800 2024
5040786978638354,docyer,@阿AutumnM 哇哦🎊,0,0,Sun Jun 02 11:58:52 +0800 2024
5040772617604175,阳光下的柿子超人,好了我又有上进心了，赚钱买我爱豆的代言,1,0,Sun Jun 02 11:01:48 +0800 2024
5040839149753867,疯子小蜗牛,恭喜Prada,0,0,Sun Jun 02 15:26:10 +0800 2024
5040800637389489,西瓜甜茶加汽水,哇！！！,0,0,Sun Jun 02 12:53:08 +0800 2024
5040810229235885,TBSK2020,是不是要塌[喵喵],0,0,Sun Jun 02 13:31:14 +0800 2024
5040791871557355,小左家小冷,好潇洒,0,0,Sun Jun 02 12:18:18 +0800 2024
5040780452561176,wen--宝,太好看了[泪],0,0,Sun Jun 02 11:32:55 +0800 2024
5040798385832843,某一天长出了兔耳朵,[作揖][作揖][作揖],0,0,Sun Jun 02 12:44:11 +0800 2024
5040763559743436,JanvanEyck02,突然get到汤唯有多美了,0,0,Sun Jun 02 10:25:48 +0800 2024
5040808828339543,鲁镇的柜台,这样的话，回到以前的那种综艺搞笑路线不大可能了。不过也挺好。希望能开拓出新的天地。 中国的女人们一直出色。 [赞][赞],0,0,Sun Jun 02 13:25:41 +0800 2024
5040844793185382,我们足球是冠军,这大砖头脸叫美？,0,0,Sun Jun 02 15:48:36 +0800 2024
5040761060460148,王者周瑜大人,不去参加王牌了么,0,0,Sun Jun 02 10:15:52 +0800 2024
5040816118301610,反复爱上Champagneproblems,穿Prada的女王,0,0,Sun Jun 02 13:54:39 +0800 2024
5040838138134694,海天一色开心dragon年,[打call][打call][打call],0,0,Sun Jun 02 15:22:08 +0800 2024
5040828798733375,五月有别,完了，普莱达开始走下坡路了[允悲],1,0,Sun Jun 02 14:45:02 +0800 2024
5040794647661323,叫我小张就可以了呢,@哈哈_新之助,0,0,Sun Jun 02 12:29:20 +0800 2024
5040758941287837,久久爱2024,贾玲大导演，牛🐮[good][good][good][good],6,0,Sun Jun 02 10:07:27 +0800 2024
5040818238789143,一首首小情歌,我还是喜欢那个胖胖的[苦涩],1,0,Sun Jun 02 14:03:05 +0800 2024
5040768077532378,穿过星雲开的花,恭喜prada,2,0,Sun Jun 02 10:43:45 +0800 2024
5040852394838780,青聆空城,棒[打call][打call][打call],0,0,Sun Jun 02 16:18:48 +0800 2024
5040835885793664,今天我更可爱了呦,确实适配[加油],0,0,Sun Jun 02 15:13:11 +0800 2024
5040761547260475,哀风铃Miraclecute,恭喜玲姐～,1,0,Sun Jun 02 10:17:48 +0800 2024
5040794434013297,N南音_,力量感确实有了,0,0,Sun Jun 02 12:28:29 +0800 2024
5040800052282473,吃山楂不吃冰糖,Prada的魔咒被打破,0,0,Sun Jun 02 12:50:49 +0800 2024
5040756991198955,staygoldD-,贾玲：求你，我倒贴钱代言,2,0,Sun Jun 02 09:59:42 +0800 2024
5040778188954923,中年妇女菜,贾玲瘦了以后，一眼看上去就是精明的样子。,2,0,Sun Jun 02 11:23:56 +0800 2024
5040816261697874,用户小杨找不回原微博了,穿Prada的女王👸,0,0,Sun Jun 02 13:55:13 +0800 2024
5040787715002536,躺平摆烂现眼包,恭喜贾玲老师[举手][举手][举手][赞][赞][赞][赞][赞],0,0,Sun Jun 02 12:01:47 +0800 2024
5040852856738397,奶包乖乖,[苦涩]玲姐～,0,0,Sun Jun 02 16:20:38 +0800 2024
5040762548388821,思念天使妞宝宝,加油[鲜花] 穿prada 的女王[心],0,0,Sun Jun 02 10:21:47 +0800 2024
5040778479144439,漩涡鸣人Arthus,[吃惊][吃惊][吃惊],1,0,Sun Jun 02 11:25:05 +0800 2024
5040778143598305,Ashoreeeeee_,贾玲这一路走来 太不容易了,2,0,Sun Jun 02 11:23:45 +0800 2024
5040770681929918,mminga6,恭喜票房最高的女导演贾玲,1,0,Sun Jun 02 10:54:05 +0800 2024
5040770257780743,啦啦啦0201-,[彩虹屁][彩虹屁][彩虹屁][彩虹屁][彩虹屁],1,0,Sun Jun 02 10:52:24 +0800 2024
5040769406861429,KrisSunny,Prada你也算捡着宝了,1,0,Sun Jun 02 10:49:01 +0800 2024
5040766822650133,晚安是她的安,贵气,1,0,Sun Jun 02 10:38:46 +0800 2024
5040838124240950,海天一色开心dragon年,[赞][赞][赞],0,0,Sun Jun 02 15:22:05 +0800 2024
5040815670035685,庸庸碌碌终生无为,穿风衣好飒,0,0,Sun Jun 02 13:52:52 +0800 2024
5040813885097107,Jocelyn_200107,她真的值得,0,0,Sun Jun 02 13:45:47 +0800 2024
5040791385539974,梨涡远点吧oO,恭喜恭喜,0,0,Sun Jun 02 12:16:22 +0800 2024
5040766141338451,西门赖虞,恭喜[送花花][送花花][送花花],0,0,Sun Jun 02 10:36:04 +0800 2024
5040760848387446,御姐喵喵喵喵1991,之前就看她总穿p～ 真好,0,0,Sun Jun 02 10:15:02 +0800 2024
5040760064054084,奶盖是猫可乐,公主贾玲女导演,2,0,Sun Jun 02 10:11:55 +0800 2024
5040759755771647,王乐山水,玲姐加油💪,1,0,Sun Jun 02 10:10:41 +0800 2024
5040758598402350,我和我去看日落,恭喜贾玲！！！漂亮又坚韧！！！,1,0,Sun Jun 02 10:06:04 +0800 2024
5040758388427510,不怜惜男宝最幸运,玲姐好棒,1,0,Sun Jun 02 10:05:15 +0800 2024
5040757880656704,看心情吧0-0,玲姐真帅,1,0,Sun Jun 02 10:03:14 +0800 2024
5040755971984754,Yuleda,玲姐镇场了。,1,0,Sun Jun 02 09:55:39 +0800 2024
5040851245597088,小土今天说话了吗,真好,0,0,Sun Jun 02 16:14:13 +0800 2024
5040842500475200,大爱夏天的草莓小姐,美🐭我了姐,0,0,Sun Jun 02 15:39:29 +0800 2024
5040803971599340,不是吹是事实,别破防了[哇]恭喜贾玲导演,0,0,Sun Jun 02 13:06:23 +0800 2024
5040761571381197,大冬瓜肥又甜,这也能买成第一热搜 也不看看把什么挤下去 真的醉了,3,0,Sun Jun 02 10:17:54 +0800 2024
5040786496553628,你以为你能找到我,[衰]prada的翻车定律…,0,0,Sun Jun 02 11:56:57 +0800 2024
5040798234577365,三宅御常夜,感觉瘦完没有胖时有亲和力了，硬凹这种高冷造型[汗],1,0,Sun Jun 02 12:43:35 +0800 2024
5040792261629885,唔哩姑,额，心情有点复杂，看着有点心疼又有点害怕，不喜欢，看着很不健康，怎么回事,1,0,Sun Jun 02 12:19:51 +0800 2024
5040819060870279,冻梨不打烊_,难看死了,1,0,Sun Jun 02 14:06:21 +0800 2024
5040811895160942,大家好我是孙子,完了，魔咒。,0,0,Sun Jun 02 13:37:51 +0800 2024
5040845138954272,山区小豌豆,怎么别扭怎么来,0,0,Sun Jun 02 15:49:58 +0800 2024
5040819922798778,楠茜Ncy,贾玲好飒[打call],0,0,Sun Jun 02 14:09:46 +0800 2024
5040848089646896,迷信少女A,Prada你赚了[苦涩],0,0,Sun Jun 02 16:01:42 +0800 2024
5040779066345975,Jewelry971,姐姐 很酷,0,0,Sun Jun 02 11:27:25 +0800 2024
5040789719613828,晚来见晴山,酷！玲姐你好美[送花花],0,0,Sun Jun 02 12:09:44 +0800 2024
5040795560183557,抹茶味的云朵面包,恭喜姐姐[亲亲],0,0,Sun Jun 02 12:32:58 +0800 2024
5040778321855423,孩子们这好笑吗,恭喜贾玲导演[抱一抱],1,0,Sun Jun 02 11:24:28 +0800 2024
5040768578491998,柳丁你好,一瘦脸上这点褶子全出来了 胖点能撑起来[喵喵],3,0,Sun Jun 02 10:45:45 +0800 2024
5040792010491069,Winnie亮晶晶,普拉达好审美！,0,0,Sun Jun 02 12:18:51 +0800 2024
5040848849078948,喵酱想做小太阳,好有力量的感觉,0,0,Sun Jun 02 16:04:43 +0800 2024
5040788499861874,花小陌丨,完了，不会以后要走时尚女魔头人设不准备搞笑了吧。那我看的内娱节目将痛失一个大笑点啊[允悲],1,0,Sun Jun 02 12:04:54 +0800 2024
5040768523965397,2elda,恭喜恭喜[锦鲤附体],1,0,Sun Jun 02 10:45:32 +0800 2024
5040824662102003,ZMD成长,好美好喜欢[送花花],0,0,Sun Jun 02 14:28:36 +0800 2024
5040804068329265,快乐生活吧生活快乐,从离老百姓很近的贾玲，变成了离老百姓很遥远的贾玲,2,0,Sun Jun 02 13:06:46 +0800 2024
5040793314394431,一切都还来得及567,最后一张图是没有检查吗，那个鼻孔明显不对啊,1,0,Sun Jun 02 12:24:01 +0800 2024
5040770698707461,喜欢漾漾的女孩子,@布丁不咸 好帅啊,1,0,Sun Jun 02 10:54:10 +0800 2024
5040850603608401,哦啦啦啦yy,好看的[憧憬],0,0,Sun Jun 02 16:11:41 +0800 2024
5040799928289288,鱼过境迁,瘦下来都高级了,0,0,Sun Jun 02 12:50:19 +0800 2024
5040842244620514,小黄花的花,好看在哪里,0,0,Sun Jun 02 15:38:27 +0800 2024
5040772358865394,寓闻诗陆,玲儿继续🔥,0,0,Sun Jun 02 11:00:45 +0800 2024
5040766602708515,财律律,恭喜Prada，不塌房是品牌的目标[喵喵] 贾玲穿出了prada成衣的感觉，秋冬新品带起来,1,0,Sun Jun 02 10:37:54 +0800 2024
5040769429934331,格格红酒,国际知名女导演贾玲瘦了变美后，代言接到手软[赞]Prada、蒙牛……[赞][赞][赞],1,0,Sun Jun 02 10:49:08 +0800 2024
5040762729530559,Oreo_KoKo,图一好像老墨的脸,0,0,Sun Jun 02 10:22:30 +0800 2024
5040759470296056,joyyier,支持玲姐，她想换一个人生，不很好嘛，不想一直做综艺。丰富多彩的生活，玲姐值得拥有,1,0,Sun Jun 02 10:09:33 +0800 2024
5040774355882579,-奇迹小鱼-,好有力量[色][色][色],0,0,Sun Jun 02 11:08:42 +0800 2024
5040771063088213,_豆包吖,挺好看的 自信大方,0,0,Sun Jun 02 10:55:37 +0800 2024
5040807033442183,哈酒好热,评论太搞笑了哈哈哈哈哈哈哈哈哈,0,0,Sun Jun 02 13:18:33 +0800 2024
5040846497911979,月亮和我来也,好高级！！！！,0,0,Sun Jun 02 15:55:22 +0800 2024
5040763542703135,不许欺负美羊羊_,哇[鼓掌],0,0,Sun Jun 02 10:25:44 +0800 2024
5040842437823686,娄英-,最后一张好美,0,0,Sun Jun 02 15:39:14 +0800 2024
5040771083802460,愛是肆意的风,黑色那套好美,0,0,Sun Jun 02 10:55:42 +0800 2024
5040786658034008,与君相识-云胡不喜,支持贾导[爱你],0,0,Sun Jun 02 11:57:34 +0800 2024
5040818587177960,3wonders,还挺有那个感觉的,0,0,Sun Jun 02 14:04:28 +0800 2024
5040836967924716,哆啦千紙鶴,牛逼,1,0,Sun Jun 02 15:17:30 +0800 2024
5040787315755819,阳光的二十点,真好看[good],0,0,Sun Jun 02 12:00:12 +0800 2024
5040764701379235,作家早安夏天,啊呸。,2,0,Sun Jun 02 10:30:20 +0800 2024
5040793779437706,是小刺猬呀_,@翩逐晚风 气质完了,0,0,Sun Jun 02 12:25:52 +0800 2024
5040817360339491,绫濑不囧子,掉价,1,0,Sun Jun 02 13:59:34 +0800 2024
5040810929949509,明晚真的早睡,玲姐牛逼,0,0,Sun Jun 02 13:34:02 +0800 2024
5040761484085041,哀风铃Miraclecute,帅呀贾导,1,0,Sun Jun 02 10:17:33 +0800 2024
5040841992963831,ponypopoy,转型成功,0,0,Sun Jun 02 15:37:28 +0800 2024
5040779921989527,小观月-大波波,真棒呀,0,0,Sun Jun 02 11:30:49 +0800 2024
5040804659202975,右肩微笑-专祎版,🐮,0,0,Sun Jun 02 13:09:07 +0800 2024
5040794743867547,FLAH_阿拉瑶瑶才不是豆豆眼,恭喜恭喜！,0,0,Sun Jun 02 12:29:43 +0800 2024
5040762389794035,-穗秋秋-,好好好,0,0,Sun Jun 02 10:21:09 +0800 2024
5040799012099041,瑞美丽开动,恭喜prada,0,0,Sun Jun 02 12:46:41 +0800 2024
5040797869937396,路旁的菅田将晖,微商成功人士[哆啦A梦吃惊],1,0,Sun Jun 02 12:42:08 +0800 2024
5040839825557611,yan1314521_,哇，惊艳,0,0,Sun Jun 02 15:28:51 +0800 2024
5040788070732409,赶快起床啦,我的妈呀,0,0,Sun Jun 02 12:03:12 +0800 2024
5040764728115743,陈玉春-L,这个牌子高攀了,1,0,Sun Jun 02 10:30:26 +0800 2024
5040803971335390,RuicoKissMoneyLuckypositive,有无觉得她瘦了之后比之前老了,1,0,Sun Jun 02 13:06:23 +0800 2024
5040842800892886,雯雯roll,好美好美好有气质,0,0,Sun Jun 02 15:40:41 +0800 2024
5040821529739848,星魅科技,可以阿,0,0,Sun Jun 02 14:16:08 +0800 2024
5040831513760897,社会主义核心价值观实践小组组员,太蒂了！！,1,0,Sun Jun 02 14:55:50 +0800 2024
5040761106336122,木色三叶堇,女王啊,1,0,Sun Jun 02 10:16:03 +0800 2024
5040807312628440,喜洋洋1998yy,恭喜恭喜🎉🎉🎉,0,0,Sun Jun 02 13:19:40 +0800 2024
5040843761123388,还叫Lorr吧,找对人了,0,0,Sun Jun 02 15:44:29 +0800 2024
5040815017825381,原来是JUANJUAN呢,好帅,0,0,Sun Jun 02 13:50:17 +0800 2024
5040852032291202,行走在消逝中卍,最终为反华资本服务,0,0,Sun Jun 02 16:17:21 +0800 2024
5040759812396567,世界上的高手,好牛,1,0,Sun Jun 02 10:10:55 +0800 2024
5040843650762287,渺渺summer,？？？,0,0,Sun Jun 02 15:44:03 +0800 2024
5040820136444323,蜜糖色的秋千,太帅了,0,0,Sun Jun 02 14:10:36 +0800 2024
5040806497617106,_除你武器_,她现在真的好美好美[泪],1,0,Sun Jun 02 13:16:25 +0800 2024
5040764484586879,北梦木兮丨南栀倾寒,哇哦，玲姐厉害了,0,0,Sun Jun 02 10:29:29 +0800 2024
5040772447210091,Erlebnis-,太美了[爱慕][爱慕],0,0,Sun Jun 02 11:01:07 +0800 2024
5040791943122231,XL亦心,有精神内核的女生，真的很棒，恭喜玲姐[心][加油],0,0,Sun Jun 02 12:18:35 +0800 2024
5040757064861937,天天都有小鱼干儿,匹配[赞],4,0,Sun Jun 02 10:00:00 +0800 2024
5040769100939873,承受青苔的重量,女王[亲亲],0,0,Sun Jun 02 10:47:48 +0800 2024
5040778761995626,PUXIAOYONG8,[允悲],0,0,Sun Jun 02 11:26:13 +0800 2024
5040792596909355,凌晨爱幻想,转发微博,0,0,Sun Jun 02 12:21:11 +0800 2024
5040764218509102,啊啊啊啊什么啊_,恭喜玲姐！,0,0,Sun Jun 02 10:28:25 +0800 2024
5040792022029436,和花少北一起拯救世界,帅！,0,0,Sun Jun 02 12:18:54 +0800 2024
5040845322981173,波点与点波,帅气,0,0,Sun Jun 02 15:50:42 +0800 2024
5040821206781571,喜雅xy,恭喜,0,0,Sun Jun 02 14:14:52 +0800 2024
5040819617402076,弋个月亮呀,松弛感爆蓬,1,0,Sun Jun 02 14:08:33 +0800 2024
5040808522417932,厌夏e族,牛,0,0,Sun Jun 02 13:24:28 +0800 2024
5040806501553140,晚安是她的安,我买,0,0,Sun Jun 02 13:16:26 +0800 2024
5040803859402601,不是吹是事实,好美,0,0,Sun Jun 02 13:05:56 +0800 2024
5040801291698237,落木春零零,女王,0,0,Sun Jun 02 12:55:43 +0800 2024
5040796069529808,糖糖的小棣瓜,呃…,0,0,Sun Jun 02 12:34:59 +0800 2024
5040774330449924,Dg516411,黑色礼服穿着真好看[给你小心心],0,0,Sun Jun 02 11:08:35 +0800 2024
5040770228945628,Gracia_liked,恭喜,0,0,Sun Jun 02 10:52:17 +0800 2024
5040769604257160,啥也不会就是莽,有品,0,0,Sun Jun 02 10:49:49 +0800 2024
5040766550281099,追剧追星专用博,牛,0,0,Sun Jun 02 10:37:41 +0800 2024
5040764895887966,是社牛的小美啊,牛了姐,0,0,Sun Jun 02 10:31:06 +0800 2024
5040759934026467,洂物语,恭喜,0,0,Sun Jun 02 10:11:23 +0800 2024
5040757419803522,好好吃饭的C,恭喜贾玲加入Prada大家庭👏👏👏,2,0,Sun Jun 02 10:01:24 +0800 2024
5040802949237729,爬岩观火,还没胖回来呀？,1,0,Sun Jun 02 13:02:19 +0800 2024
5040760258298148,在你旁边內,找对了，恭喜领姐,1,0,Sun Jun 02 10:12:40 +0800 2024
5040760017916178,穆冬馁,恭喜恭喜,1,0,Sun Jun 02 10:11:44 +0800 2024
5040850849761431,千石磊,这好看吗[允悲],0,0,Sun Jun 02 16:12:40 +0800 2024
5040842756852554,飞起的啵啵鱼,哇哦好美哦,0,0,Sun Jun 02 15:40:30 +0800 2024
5040842014196636,平心222222,好看,0,0,Sun Jun 02 15:37:33 +0800 2024
5040851384533909,DOG王的猫生,为啥贾玲减肥成功很多动作跟男生一样,0,0,Sun Jun 02 16:14:47 +0800 2024
5040848632285246,噢阿雪,太丑了 不会是毛遂自荐做代言人的吧。。。贾玲真的很丑 瘦了还不如胖的时候,0,0,Sun Jun 02 16:03:51 +0800 2024
5040847834055191,用户7830350354,眼瞎？美个锤子🔨,0,0,Sun Jun 02 16:00:40 +0800 2024
5040843835310539,云朵轻轻亲吻月亮,很飒！#贾玲prada# ,0,0,Sun Jun 02 15:44:46 +0800 2024
5040843394122559,沃德玛亚007,水军可真多，炒作女王,0,0,Sun Jun 02 15:43:02 +0800 2024
5040841921661858,汤圆沥苛由play,非常厉害,0,0,Sun Jun 02 15:37:11 +0800 2024
5040841413886469,鹿鸣卿QwQ,穿普拉达的女王[酷],0,0,Sun Jun 02 15:35:09 +0800 2024
5040841280717154,赋予落花之名,真美吗？我不认为，女性是不可被定义的,0,0,Sun Jun 02 15:34:37 +0800 2024
5040840963785798,星际瓢虫,她手上的是哪一款包包？,0,0,Sun Jun 02 15:33:23 +0800 2024
5040840853162155,大湖游资,说实话 get不到美,0,0,Sun Jun 02 15:32:56 +0800 2024
5040840823013650,暴躁的迷妹儿,好漂亮[爱你],0,0,Sun Jun 02 15:32:48 +0800 2024
5040840349058512,sobersobersobersober,不错👌满意,0,0,Sun Jun 02 15:30:55 +0800 2024
5040839866451306,这是一颗蔚蓝行星,这姑娘瘦下来竟这么惊艳，喜剧靠才华，性感靠颜值。,0,0,Sun Jun 02 15:29:01 +0800 2024
5040839847841479,饮咖啡的jia,以后不用看Prada了我 哈哈,0,0,Sun Jun 02 15:28:57 +0800 2024
5040839445188447,忧郁水煮鱼啊啊啊啊啊,很从容的美啊  坚持做自己的事情 并且越来越好  我们需要这样的优秀女性啊[心],0,0,Sun Jun 02 15:27:21 +0800 2024
5040839200082813,柚啵啵蘸奶茶,在评论区我看见一位女性成功了，引来了好多异性的破防[微笑],0,0,Sun Jun 02 15:26:22 +0800 2024
5040838541052091,福猪猪201906,穿prAda的女王,0,0,Sun Jun 02 15:23:45 +0800 2024
5040838524798592,姿势分子Lyndon,@李不恼-,0,0,Sun Jun 02 15:23:41 +0800 2024
5040838521130073,炸药马甲的儿子叫梓瑄,越看越别扭[挖鼻],0,0,Sun Jun 02 15:23:40 +0800 2024
5040838493344096,小蝎子喜欢海,对对对！期待贾总带你飞吧[打call][打call],0,0,Sun Jun 02 15:23:34 +0800 2024
5040838343920571,暴富的大橙子,挺好,0,0,Sun Jun 02 15:22:58 +0800 2024
5040838004442939,云娘_温水煮咸鱼,话说谁来科普一下这个title的含金量，是全线还是成衣支线之类，是中国区还是全球？,0,0,Sun Jun 02 15:21:37 +0800 2024
5040837882807491,不快乐的人在假装快乐,其实贾玲本身挺好的，就是这站姿拍出不来那种女性独立强大的感觉。缺了一点什么。我觉得风衣应该谈笑风生，黑色连衣裙应该严肃霸气,0,0,Sun Jun 02 15:21:08 +0800 2024
5040837374774550,-康康哥哥-,这种玩儿居然热搜第一？？,0,0,Sun Jun 02 15:19:07 +0800 2024
5040837335711760,黑崎淘淘,胖的时候咋不请她？是因为名气不够还是衣服没那么大码[awsl],0,0,Sun Jun 02 15:18:57 +0800 2024
5040837153786342,汽水兔-,一开始不适应，现在觉得贾玲就应该这么美,0,0,Sun Jun 02 15:18:14 +0800 2024
5040837060202795,SVIP_会员,so,0,0,Sun Jun 02 15:17:52 +0800 2024
5040836884042151,果子6348707032,怎么感觉好尴尬！[酸],0,0,Sun Jun 02 15:17:10 +0800 2024
5040836674588688,豹豹棉花精,好美好美玲姐好美爱死了爱死啦啦啦啦啊,0,0,Sun Jun 02 15:16:20 +0800 2024
5040836549805856,囧乖咪大人,@Cathy_趙博瑄,0,0,Sun Jun 02 15:15:50 +0800 2024
5040836439446062,凉薄荷与微光,别买热搜了，服了,0,0,Sun Jun 02 15:15:24 +0800 2024
5040836418472086,Lchang人生,这还是我认识的贾玲吗[doge],0,0,Sun Jun 02 15:15:19 +0800 2024
5040836257515197,OTABO,搭吗？,0,0,Sun Jun 02 15:14:41 +0800 2024
5040836004544622,改变不了的憨并且极端仇男版,好好好！狠狠赚钱吧姐！,0,0,Sun Jun 02 15:13:39 +0800 2024
5040835798503558,Eachwavesgoodbyeandridesaway,美！,0,0,Sun Jun 02 15:12:51 +0800 2024
5040835588786194,把月亮熬困就睡觉,她玲姐啊，我一身鸡皮疙瘩！美,0,0,Sun Jun 02 15:12:01 +0800 2024
5040835569913027,等着兰花开,[相爱],0,0,Sun Jun 02 15:11:57 +0800 2024
5040835558638178,少吃早睡养生不累,@啃猴儿小姐姐,0,0,Sun Jun 02 15:11:54 +0800 2024
5040835433596120,Yokiio-,这个不会塌了[并不简单],0,0,Sun Jun 02 15:11:24 +0800 2024
5040835349971801,三观每天被刷新,普子这次两次找的代言人太合适了，李现和贾玲都很优秀，终于放弃流量了。,0,0,Sun Jun 02 15:11:04 +0800 2024
5040835344991594,芸芸众生一线天,脑子丢了就再也找不回来了,0,0,Sun Jun 02 15:11:03 +0800 2024
5040835328738993,小小杉1999,中国没有模特了？[笑cry],0,0,Sun Jun 02 15:10:59 +0800 2024
5040835150222076,一口一个南宝,为啥头这么大啊[允悲]学美术的，看着怪怪的,0,0,Sun Jun 02 15:10:17 +0800 2024
5040835127149942,塞巴斯斯斯斯DA,戒指好好看,0,0,Sun Jun 02 15:10:11 +0800 2024
5040834982452816,Pink7-Band,气质杠杠的温柔又有力量的女霸总,0,0,Sun Jun 02 15:09:37 +0800 2024
5040834969866788,快开门我是淋粥,衣服还行，模特差点,0,0,Sun Jun 02 15:09:34 +0800 2024
5040834895938171,52赫兹小海豚,真不敢相信！好美,0,0,Sun Jun 02 15:09:15 +0800 2024
5040834841413657,上善若水龍,娱乐治国吗？这个还热搜第一[允悲],0,0,Sun Jun 02 15:09:03 +0800 2024
5040834833812690,小胖子yxw,变瘦了以后，感觉好普通了,0,0,Sun Jun 02 15:09:01 +0800 2024
5040834829356210,低调X鹏,得了资本青睐 失了观众缘,0,0,Sun Jun 02 15:09:00 +0800 2024
5040834793964342,real空空尼_,好合适啊 职业女性和Prada,0,0,Sun Jun 02 15:08:51 +0800 2024
5040834433253470,我命由我不问凶吉,恭喜玲姐，情商高的人不会因为瘦下来情商就没了，反而是那些键盘侠看不得别人过得比自己好，看不得别人比自己优秀又自律。,0,0,Sun Jun 02 15:07:25 +0800 2024
5040834195490345,杜杜罗,姐还瘦着呢，真好！,0,0,Sun Jun 02 15:06:29 +0800 2024
5040834173211077,Ubfkygo,其实，口口声声说不要容貌焦虑的不可能克服焦虑，真正没有容貌焦虑的根本不会说这句话[哈哈]用行为来表态：素颜或淡妆，想吃就吃，不涂防晒,0,0,Sun Jun 02 15:06:24 +0800 2024
5040833904511938,不是女神_才怪了,NB,0,0,Sun Jun 02 15:05:20 +0800 2024
5040833900577231,学校的学校生,这风衣，好帅啊,0,0,Sun Jun 02 15:05:18 +0800 2024
5040833889831021,GHYSRY11211201,又胖了,0,0,Sun Jun 02 15:05:16 +0800 2024
5040833718128987,蒲公英下的秘密,喜欢玲姐，要的是这种精神，必须支持[good][good][good][good][good][good][good],0,0,Sun Jun 02 15:04:35 +0800 2024
5040833704757526,HEMINGAI,[允悲]瘦了,0,0,Sun Jun 02 15:04:32 +0800 2024
5040833682210896,Mi_ya美雅,虽然但是，就是格格不入,0,0,Sun Jun 02 15:04:26 +0800 2024
5040833468565185,欣意83,不知是不是不适应，有点害怕看现在的贾玲，总觉得不舒服,0,0,Sun Jun 02 15:03:36 +0800 2024
5040833257275926,阿桐oko_yu,恭喜女王,0,0,Sun Jun 02 15:02:44 +0800 2024
5040832889492080,kiki988876543,玲姐值得[送花花][送花花],0,0,Sun Jun 02 15:01:18 +0800 2024
5040832523011288,cecilia21200903,终于抢在别人前面了[二哈],0,0,Sun Jun 02 14:59:50 +0800 2024
5040832398756203,香草天空下的索菲亚,[费解],0,0,Sun Jun 02 14:59:21 +0800 2024
5040832358385084,大言出物表,删评不能提高形象的宝贝，减肥解决不了问题的,0,0,Sun Jun 02 14:59:11 +0800 2024
5040832350523207,Reeanan_,出乎意料地好看和适配，有种成功女性的大佬气质，,0,0,Sun Jun 02 14:59:09 +0800 2024
5040832281577782,星辛辛,看见这消息，由衷的鼓掌👏,0,0,Sun Jun 02 14:58:53 +0800 2024
5040831836981105,阿妫2012,真的安全吗？有点期待,0,0,Sun Jun 02 14:57:07 +0800 2024
5040831744705154,咻咻咻哇0713,但是让我想起……prada的代言人纷纷翻车……,0,0,Sun Jun 02 14:56:44 +0800 2024
5040831494884152,故事的后来是童话,贾玲姐的无名指！！！！！有姐夫了吗,0,0,Sun Jun 02 14:55:45 +0800 2024
5040831452678266,是老婆的亲亲乖乖小狗,这个主谓宾妙啊[awsl],0,0,Sun Jun 02 14:55:35 +0800 2024
5040830886447767,鱼鱼宝宝5857309568,她瘦了，感觉挺不自在,0,0,Sun Jun 02 14:53:20 +0800 2024
5040830135931599,蔡小婧de,最后一张和陈小艺有点像,0,0,Sun Jun 02 14:50:21 +0800 2024
5040830035527415,清禾MsZ,自信最美，充满生命力的感觉[彩虹屁][彩虹屁][彩虹屁],0,0,Sun Jun 02 14:49:57 +0800 2024
5040830033432662,安吉kkk,好陌生，没感觉,0,0,Sun Jun 02 14:49:57 +0800 2024
5040829553442828,popoflower2,没有拍全的狮身人面像,0,0,Sun Jun 02 14:48:01 +0800 2024
5040829348187153,DANIEL_O_o,这个选的真的很棒！Prada再也不用担心塌房了,0,0,Sun Jun 02 14:47:13 +0800 2024
5040829057994851,N娜那哪N,玲姐值得,0,0,Sun Jun 02 14:46:04 +0800 2024
5040828969914754,果粒橙泡饭_,也是让我Prada蹭上了一波热度[哈哈],0,0,Sun Jun 02 14:45:43 +0800 2024
5040828910928277,maytaurus616,哇哦,0,0,Sun Jun 02 14:45:28 +0800 2024
5040828420194728,梦中依稀灯火暖,谁能想到贾玲也能做时装代言了！今麦郎一袋半的代言人是做不了了[嘻嘻][嘻嘻],0,0,Sun Jun 02 14:43:31 +0800 2024
5040828239840146,cool盖呀420,玲姐棒,0,0,Sun Jun 02 14:42:48 +0800 2024
5040828072331266,Yurie_晴鸽,恭喜[心][心],0,0,Sun Jun 02 14:42:09 +0800 2024
5040828063683651,无敌美少女咔咔酱,好帅！真有女人味,0,0,Sun Jun 02 14:42:07 +0800 2024
5040827947290450,老y是我的大可爱,马上支持一波玲姐，给我lg买个包[哈哈][哈哈],0,0,Sun Jun 02 14:41:39 +0800 2024
5040827892499011,棉花唔唔1209,姐就是女王,0,0,Sun Jun 02 14:41:25 +0800 2024
5040827815952775,天_朝官腐_雪儿,姐姐🐮🍺,0,0,Sun Jun 02 14:41:07 +0800 2024
5040827673870822,xxr又来取关了,[色][色],0,0,Sun Jun 02 14:40:33 +0800 2024
5040827565607261,喝可乐的大松鼠,绝对实力[爱你],0,0,Sun Jun 02 14:40:08 +0800 2024
5040827553025398,玫瑰玛丽糖,虽然但是这照片对购买欲是有负面影响的[二哈],0,0,Sun Jun 02 14:40:05 +0800 2024
5040827527858635,DZJ-Lu_Minous,@-bibibubble @一勺奶昔_ @KuKuMelon_,0,0,Sun Jun 02 14:39:59 +0800 2024
5040827443971907,你真可爱哇哈哈哈,确实有点显老,0,0,Sun Jun 02 14:39:39 +0800 2024
5040827262830467,pinksanitizer,故事感一下子就有了哎,0,0,Sun Jun 02 14:38:56 +0800 2024
5040827179731720,点亮心灯3000,快算了吧,0,0,Sun Jun 02 14:38:36 +0800 2024
5040826709445929,pizza66,赚到了热辣滚烫最后一把也可以去退休了吧。减肥后没什么观众缘咯,0,0,Sun Jun 02 14:36:44 +0800 2024
5040826610614764,Oxycontin02,中国电影的顶梁柱，加油！支持！,0,0,Sun Jun 02 14:36:20 +0800 2024
5040826478758109,Bea吐槽专用宝地,这次prada应该不会塌房了,0,0,Sun Jun 02 14:35:49 +0800 2024
5040826459625578,pizza66,请问美在哪？,0,0,Sun Jun 02 14:35:45 +0800 2024
5040826300503156,叫什么都不行我得怎么改,翻拍的人也能这么火,0,0,Sun Jun 02 14:35:07 +0800 2024
5040826285818335,爱做白日梦爱听雨落声的大美,由衷恭喜她[good],0,0,Sun Jun 02 14:35:02 +0800 2024
5040826285561317,小熊玫瑰花花,好厉害的姐！,0,0,Sun Jun 02 14:35:03 +0800 2024
5040826189349712,XLQ琦,恭喜ヾ ^_^♪[哇],0,0,Sun Jun 02 14:34:40 +0800 2024
5040826057232632,曲奇是个小可爱呢,恭喜贾玲,0,0,Sun Jun 02 14:34:09 +0800 2024
5040825896276521,伴之则i,欣赏不来,0,0,Sun Jun 02 14:33:30 +0800 2024
5040825865865079,番茄鸡钉,一天天的就这帮戏子的消息上热搜,0,0,Sun Jun 02 14:33:23 +0800 2024
5040825677909609,tiantianxiong,赞！买！,0,0,Sun Jun 02 14:32:38 +0800 2024
5040825665323664,-阿款儿-,棒[求饶],0,0,Sun Jun 02 14:32:34 +0800 2024
5040825520362205,是一罐好奶啤呀,哇！！@爆浆外星盆栽,0,1,Sun Jun 02 14:32:01 +0800 2024
5040825328732470,w60440,穿prada的女王,0,0,Sun Jun 02 14:31:15 +0800 2024
5040825319031967,XX-Royce-G,啧啧[赞][赞][赞],0,0,Sun Jun 02 14:31:12 +0800 2024
5040825246157690,lll你知道的,哪里美了,0,0,Sun Jun 02 14:30:55 +0800 2024
5040825228591560,赶海在鸢尾花星云i,我的精神榜样：雄竟女,0,0,Sun Jun 02 14:30:50 +0800 2024
5040825148377290,平凡亦可达,突然有点郭柯宇的感觉,0,0,Sun Jun 02 14:30:32 +0800 2024
5040825081532410,一所小屋而已,至少人家在进步,0,0,Sun Jun 02 14:30:16 +0800 2024
5040824976933301,知之者明自胜者强,我的天好适合 姐好美好飒,0,0,Sun Jun 02 14:29:50 +0800 2024
5040824871551021,27岁那年发生的事,丑,0,0,Sun Jun 02 14:29:25 +0800 2024
5040824788455649,裤裆吓有杀气,为啥有股沧桑的土气。,0,0,Sun Jun 02 14:29:06 +0800 2024
5040824771153204,媒慕传情,第一张图片有点像小沈阳媳妇沈春阳[笑cry],0,0,Sun Jun 02 14:29:02 +0800 2024
5040824733139143,趣味森Watson,怎么热搜全是这个人,0,0,Sun Jun 02 14:28:52 +0800 2024
5040824700371021,MaryMaryry,哇？！好棒,0,0,Sun Jun 02 14:28:44 +0800 2024
5040824689887637,学渣的世界_267,看了热辣滚烫后感觉我就是个傻子，被有钱人当韭菜割,0,0,Sun Jun 02 14:28:43 +0800 2024
5040824652137803,暴睡小恒,评论区纯女厕所[吐][吐][吐],0,0,Sun Jun 02 14:28:34 +0800 2024
5040824478341111,鲁迅自由,回复@黄叶汉宫秦罗敷:也不必偏要给人贴标签,0,0,Sun Jun 02 14:27:52 +0800 2024
5040824398647488,CY痛快活一回,感觉不认识了[doge],0,0,Sun Jun 02 14:27:33 +0800 2024
5040824234808521,这名儿过不去了是吧,她看着从容而又自信，太棒了,0,0,Sun Jun 02 14:26:54 +0800 2024
5040824158783166,IvandotD,不符合西方的 zzzq 啊，应该倡导胖也是美啊,0,0,Sun Jun 02 14:26:36 +0800 2024
5040823993632770,刘佳艺icecream,针不戳啊我的减肥动力啊,0,0,Sun Jun 02 14:25:57 +0800 2024
5040823937008023,flytotoo,热辣滚烫营销过头后，这个女人我已经厌恶了，包括身边不少原先喜欢她的，都不再关注她,2,0,Sun Jun 02 14:25:42 +0800 2024
5040823909484352,草翊翊翊,好漂亮,0,0,Sun Jun 02 14:25:37 +0800 2024
5040823825862403,蝴蝶兰,还记得初一到十五的热搜，都是她，为什么正月十六一下热搜都没了？,0,0,Sun Jun 02 14:25:17 +0800 2024
5040823537765474,我望向飞鸟与海,为什么玲姐一脸的沧桑感…[可怜],0,0,Sun Jun 02 14:24:08 +0800 2024
5040823530686452,HowardChengSiuho,太跌份了吧。,0,0,Sun Jun 02 14:24:06 +0800 2024
5040823420322571,正义嗷嗷勇敢发声_a,厉害了,0,0,Sun Jun 02 14:23:40 +0800 2024
5040823325165958,逐鹿嘿,恭喜啦，祝越来越好[鲜花][鲜花],0,0,Sun Jun 02 14:23:17 +0800 2024
5040823194095971,在吃饭的胖胖,侧面感觉有点像苗圃,0,0,Sun Jun 02 14:22:46 +0800 2024
5040823188325110,30岁前的小峰,哈哈哈哈哈,0,0,Sun Jun 02 14:22:44 +0800 2024
5040823149003981,caranitak,恭喜,0,0,Sun Jun 02 14:22:35 +0800 2024
5040823089237331,开启30岁的人生,@iam_YuanBao,0,0,Sun Jun 02 14:22:21 +0800 2024
5040822944794191,里奥年,[心][心][心][心],0,0,Sun Jun 02 14:21:47 +0800 2024
5040822891842734,Cindy453518019,瘦下来之后就是普通一女的,0,0,Sun Jun 02 14:21:34 +0800 2024
5040822630222118,Dolex_,不好看,0,0,Sun Jun 02 14:20:32 +0800 2024
5040822626288062,归红尘tt,判若两人,0,0,Sun Jun 02 14:20:30 +0800 2024
5040822569142883,AmnesianoOmar,转评区破防的全是蝻的，你们蝻的真的没救了[微笑],0,0,Sun Jun 02 14:20:17 +0800 2024
5040822543712956,维生树cc,瘦了看着还是很好笑[笑cry],0,0,Sun Jun 02 14:20:10 +0800 2024
5040822458518010,雪花漫步炎夏_惟,穿普拉达的女王！！！玲姐牛🐮🐮🐮🐮🐮！！！,0,0,Sun Jun 02 14:19:51 +0800 2024
5040822362050670,麻麻说名字长一点才好听-,看到这个词条第一反应还是贾玲胖胖的怎么会代言prada  都忘记她现在已经是个瘦子了[泪][泪],0,0,Sun Jun 02 14:19:28 +0800 2024
5040822242509773,包包是个小欢喜,恭喜贾玲，和品牌很搭[心],0,0,Sun Jun 02 14:18:59 +0800 2024
5040822233338115,慧眼识猪Omega,恭喜玲姐[送花花],0,0,Sun Jun 02 14:18:57 +0800 2024
5040822061371540,大兔我爱你,哪里美了……,1,0,Sun Jun 02 14:18:16 +0800 2024
5040821949172454,ForAeason,[费解][费解][费解][吐][吐][吐],0,0,Sun Jun 02 14:17:49 +0800 2024
5040821922956306,fundeten,你看不到可能是你麦辟谷麦多了，大眼怕伤你脆弱的心保护一下你[来]//@狗之卡13:回复@fundeten:说点人话行不行[挖鼻]又琼又没文化上帝给你开了哪扇窗[挖鼻]//@黄叶汉宫秦罗敷:现在她的定位是什么呢？喜剧演员？不像了。花瓶？算不上。顶级导演？够不着。,0,0,Sun Jun 02 14:17:42 +0800 2024
5040821902511529,阿啵次嘚ING,恭喜姐[爱你],0,0,Sun Jun 02 14:17:38 +0800 2024
5040821868432711,温柔齐哥,。。。。。。。。。,0,0,Sun Jun 02 14:17:30 +0800 2024
5040821831210814,车手v,飒还可以 美真不搭边,0,0,Sun Jun 02 14:17:21 +0800 2024
5040821676020995,呆jus,支持 恭喜[鼓掌],0,0,Sun Jun 02 14:16:44 +0800 2024
5040821564867010,百无禁忌丶从容君,突然发现明星和演员不是等同的，能够靠代言赚钱的都是明星，而明星相当于半个资本，帮助品牌收割消费者，所以同等条件一个优秀的演员代言越少越值得尊敬吧～,1,0,Sun Jun 02 14:16:17 +0800 2024
5040821518731126,依鹿望林走,评论区酸死了……,0,0,Sun Jun 02 14:16:07 +0800 2024
5040821471282564,向钊钊Gemini,因为她重新爱上普拉达女王。,0,0,Sun Jun 02 14:15:55 +0800 2024
5040821420163524,四十九树,@红烧姬鱼 你玲姐代言这牌子了 还是好帅,0,0,Sun Jun 02 14:15:42 +0800 2024
5040821353317912,买可乐进化论,有没有搞错，上个品牌就搞热搜，以前还是挺有好感的，挺喜欢的，自从拍了那个纪录片，各种营销号拿减肥当噱头，三天两头发，三天两头发，好感全被败光了[裂开],0,0,Sun Jun 02 14:15:27 +0800 2024
5040821345190841,牛轧糖_-_-,好！太娘们了！,0,0,Sun Jun 02 14:15:25 +0800 2024
5040821215168973,用户昵称还未想到,恭喜Prada喜提玲姐！充满力量感和知性美的女导演女演员[打call][打call][打call][打call],0,0,Sun Jun 02 14:14:54 +0800 2024
5040820980289278,咖啡添点儿糖,可以退休了[doge]这个品牌定位出问题了吧，虽然励志，但是没有美感[doge],0,0,Sun Jun 02 14:13:58 +0800 2024
5040820971375253,HWW啊,现在什么人都能代言高奢了 也不知道是人的问题还是牌子的问题 或者说这才是真正的高雅先生？,0,0,Sun Jun 02 14:13:56 +0800 2024
5040820971116247,玻璃屋姑娘JL,真棒，真好，贾玲本人,0,0,Sun Jun 02 14:13:56 +0800 2024
5040820818546316,手机用户3271673384,别喷了，贾玲这组照片就是好看，这个牌子有品位,0,0,Sun Jun 02 14:13:20 +0800 2024
5040820808324302,w_嗷嗷,真的很有力量,0,0,Sun Jun 02 14:13:17 +0800 2024
5040820539098163,南京融资故事,掉价,0,0,Sun Jun 02 14:12:13 +0800 2024
5040820291638371,种自己的花爱_自己的宇宙,美啊,0,0,Sun Jun 02 14:11:14 +0800 2024
5040820163969038,WLo吗,有些人真能酸，什么时候美以你的标准为准了，还有就算长样不惊艳，人家性格能力情商哪里差了,0,0,Sun Jun 02 14:10:43 +0800 2024
5040820153748621,没银两充会员了,我姐的腰线跟胯都有[打call],0,0,Sun Jun 02 14:10:41 +0800 2024
5040820117834900,反季节-l,没有胖时的富态星相了,0,0,Sun Jun 02 14:10:33 +0800 2024
5040819922800163,这碧池怎么这么贵,自从瘦了之后，好像不像从前那么快乐了，,0,0,Sun Jun 02 14:09:46 +0800 2024
5040819868533179,行行16,喜欢你努力的样子，一直坚持下去，将健美热辣滚烫到底,0,0,Sun Jun 02 14:09:32 +0800 2024
5040819813747062,fudi会员商店,恭喜Prada喜提贾玲导演[热卖],0,0,Sun Jun 02 14:09:20 +0800 2024
5040819740607327,每日不想学习,评论区某些懂男什么成分我都不想说,2,0,Sun Jun 02 14:09:03 +0800 2024
5040819104910019,Tracywang1212,好美,0,0,Sun Jun 02 14:06:31 +0800 2024
5040819072144534,李小虎的麻6177097575,就四不像了[允悲],1,0,Sun Jun 02 14:06:23 +0800 2024
5040818970690135,猫嘴健,好看,0,0,Sun Jun 02 14:05:58 +0800 2024
5040818962304326,是流心耶-,玲姐已经next level,0,0,Sun Jun 02 14:05:57 +0800 2024
5040818620468897,ModestManJ,这是不是我想买的那个车品牌？,0,0,Sun Jun 02 14:04:36 +0800 2024
5040818240884044,你少在这发疯,不好看 我不喜欢,1,0,Sun Jun 02 14:03:05 +0800 2024
5040818132354236,方里荒张,@一位脑洞很大的市民 图二惊到我 好瘦！,0,0,Sun Jun 02 14:02:39 +0800 2024
5040817825910433,Carfield_max,我的天，太飒了,0,0,Sun Jun 02 14:01:26 +0800 2024
5040817549348118,M_魔法祺遇记,#贾玲prada# 好美好美好飒好美好美好美好美好美好美好美好美好美好美好美好美好美好美好美好美好美好美好美好美好美好美好美好美好美好美好美,0,0,Sun Jun 02 14:00:20 +0800 2024
5040817292973988,糖糖爱蔻蔻,我现在看到玲姐的名字还是惯性思维想到她以前的样子[允悲][允悲]春晚上的样子。姐已经翻篇啦,0,0,Sun Jun 02 13:59:19 +0800 2024
5040817227957074,腊么辣,好漂亮,0,0,Sun Jun 02 13:59:03 +0800 2024
5040817179724155,KipppAnggg,好酷,0,0,Sun Jun 02 13:58:52 +0800 2024
5040817014047706,阿童木傻瓜,没感觉哪里美[笑cry],0,0,Sun Jun 02 13:58:13 +0800 2024
5040816906569576,蚂蚱洞的旺哥,姐你真美！！！！,0,0,Sun Jun 02 13:57:47 +0800 2024
5040816882191434,Aries年年,好好看[哇],0,0,Sun Jun 02 13:57:41 +0800 2024
5040816793322660,小鹿在想什么呢,感觉贾玲像是换了一个人 也换了一种人生[赞],0,0,Sun Jun 02 13:57:20 +0800 2024
5040816604581855,M_魔法祺遇记,#贾玲prada# 太帅了啦,0,0,Sun Jun 02 13:56:35 +0800 2024
5040816548479992,奇凛uwu,姐，牛逼[赞],0,0,Sun Jun 02 13:56:22 +0800 2024
5040816488186406,四川省成都市天府新区刘正先,请帮转:#南开大学邢晓东滥用职权# 南开大学教职工邢晓东骚扰女生。     每年一月份学期末最后一个周末，南开大学物理学院河南籍教职工，邢晓东，都在宏达街23号泰达学院三楼饭店，以泰达物理年会的幌子组织公款吃喝，还要女学生去陪酒。      邢晓东出生于河南省孟津县农村，经常滥用职权,0,0,Sun Jun 02 13:56:06 +0800 2024
5040816475079963,时间与记忆-,她现在身材真好,0,0,Sun Jun 02 13:56:04 +0800 2024
5040816408497245,megueyholic,恭喜！！,0,0,Sun Jun 02 13:55:48 +0800 2024
5040816378876990,茶茶12_,评论区wsn又来显着你了？,0,0,Sun Jun 02 13:55:41 +0800 2024
5040816291319316,QQ菠萝派,好帅啊姐,0,0,Sun Jun 02 13:55:20 +0800 2024
5040816148192025,NeiNei奥,wow[爱慕],0,0,Sun Jun 02 13:54:46 +0800 2024
5040816122501218,宛衾,恭喜优秀的女导演贾玲！,0,0,Sun Jun 02 13:54:40 +0800 2024
5040816026026943,NeiNei奥,wow,0,0,Sun Jun 02 13:54:17 +0800 2024
5040815989325999,住在光年外,什么鬼,0,0,Sun Jun 02 13:54:07 +0800 2024
5040815854584327,Sunday_Luby,沉淀下来的美,0,0,Sun Jun 02 13:53:36 +0800 2024
5040815711977948,阿里嘎多喵桑_0,Prada 再接再厉，贾导厉害[哇],0,0,Sun Jun 02 13:53:02 +0800 2024
5040815611579472,曼曼卿远,全智玲！[嘻嘻][嘻嘻][嘻嘻][兔子][兔子][兔子],0,0,Sun Jun 02 13:52:38 +0800 2024
5040815610530126,梓萱星仪,转发微博,0,0,Sun Jun 02 13:52:38 +0800 2024
5040815472903174,DreamCatcher_墨墨力,让胖胖的贾玲代言Prada 才对Prada 刮目相看,0,0,Sun Jun 02 13:52:05 +0800 2024
5040815389543718,65只鱼,@65zhiyu,0,0,Sun Jun 02 13:51:45 +0800 2024
5040815368310579,你和目标,不好看 肥的好看,0,0,Sun Jun 02 13:51:40 +0800 2024
5040815214956404,遨游的鲨鱼空军,镇求酷[苦涩],0,0,Sun Jun 02 13:51:04 +0800 2024
5040815061602253,可怜的你心甘情愿当抹布,牛,0,0,Sun Jun 02 13:50:27 +0800 2024
5040815053210081,雪雪luckygirl,感觉不好看,0,0,Sun Jun 02 13:50:24 +0800 2024
5040814961460104,511053380_,很奇怪诶不适合,0,0,Sun Jun 02 13:50:03 +0800 2024
5040814799719370,大班导盲犬小Q,瘦了以后不知道贾玲心态怎么样，真怕她抑郁，毕竟相由心生，她现在给别人状态明显是不开心。,0,0,Sun Jun 02 13:49:25 +0800 2024
5040814756200813,金水木来123,恭喜恭喜哦[老师爱你],0,0,Sun Jun 02 13:49:13 +0800 2024
5040814742308925,特立独行的Neko啊,玲姐值得,0,0,Sun Jun 02 13:49:11 +0800 2024
5040814701413721,诚信小胖66,不知为何，总觉得我的贾玲不见了[泪],0,0,Sun Jun 02 13:49:01 +0800 2024
5040814568767791,毁天灭地小妖精,prada的代言,0,0,Sun Jun 02 13:48:29 +0800 2024
5040814562739164,杨楠学长,很正能量，强者的人生无限可能，弱者的人生处处设限。[加油],0,0,Sun Jun 02 13:48:27 +0800 2024
5040814343848382,13月40号,好好的一个品牌，被丑女拉低成地摊货的感觉了[笑cry],1,0,Sun Jun 02 13:47:35 +0800 2024
5040814153531947,我和我的呱呱,喜欢不起来 小品不搞笑 电影看不下去,0,0,Sun Jun 02 13:46:50 +0800 2024
5040814067816954,Uhani只只,很随性的感觉,0,0,Sun Jun 02 13:46:30 +0800 2024
5040814017484686,吕各-GE,姐太牛了,0,0,Sun Jun 02 13:46:18 +0800 2024
5040813834766622,北纬45度没有南风,只是觉得玲姐不再是以前的玲姐了,0,0,Sun Jun 02 13:45:35 +0800 2024
5040813740134463,宝boo_,@偷喝汽水Contance 乡村女企业家,0,0,Sun Jun 02 13:45:12 +0800 2024
5040813676954551,YANGHL0419,穿普拉达的女王~~~时尚女魔头~~[喵喵],0,0,Sun Jun 02 13:44:57 +0800 2024
5040813635275263,道道渽草莓,玲姐好厉害[爱你],0,0,Sun Jun 02 13:44:47 +0800 2024
5040813577601081,Harlow潞潞,优雅知性,0,0,Sun Jun 02 13:44:32 +0800 2024
5040813455445939,篮中小柚子,好看,0,0,Sun Jun 02 13:44:04 +0800 2024
5040813447577988,芋头甜星星,贾玲真的活出了女性力量[泪],0,0,Sun Jun 02 13:44:01 +0800 2024
5040813408521477,欧了橘,恭喜贾玲导演[送花花][送花花][送花花]太棒了,0,0,Sun Jun 02 13:43:53 +0800 2024
